product_group,EVALUATIVE,DELEGATIVE,UNCLASSIFIABLE,pct_evaluative,pct_delegative,pct_unclassifiable
mortgage,2290,633,75,76.38425617078052,21.11407605070047,2.5016677785190127
checking_savings,2333,490,172,77.89649415692821,16.36060100166945,5.742904841402337
credit_card,2373,369,256,79.15276851234157,12.308205470313542,8.539026017344895
