condition,Fail,Pass,Total,Fail_pct,Pass_pct
A,22,93,115,19.130434782608695,80.8695652173913
B,24,103,127,18.89763779527559,81.10236220472441
C,19,93,112,16.964285714285715,83.03571428571429
All,65,289,354,,
