pair,measure,pearson_r,pearson_p,spearman_rho,spearman_p
Human vs. Sonnet,delegative_score,0.4877170108735442,2.6519850029990973e-07,0.37697150708545957,0.00011065383794267647
Human vs. GPT-4o,delegative_score,0.5106736895512585,5.691323229361659e-08,0.3717584721760218,0.00013993793358444407
Sonnet vs. GPT-4o,delegative_score,0.7759944843770888,2.4994938404164563e-21,0.8269820136827973,3.000465601173554e-26
Human vs. Sonnet,evaluative_score,0.3079101225536364,0.001830278232377452,0.40033479442311537,3.675405325595108e-05
Human vs. GPT-4o,evaluative_score,0.4024783127665128,3.307998198264242e-05,0.45834180875643,1.6241691027781882e-06
Sonnet vs. GPT-4o,evaluative_score,0.7792361332848113,1.3326045295669021e-21,0.8176941459389363,3.063733884703806e-25
